n_races,logloss,brier,top1_acc,top3_hit,label,n_features,delta_logloss,delta_brier,delta_top1_acc,delta_top3_hit
13607,0.08747429056304604,0.025418344479590935,0.8289850812082017,0.9725141471301536,base,16,0.0,0.0,0.0,0.0
13607,0.0874560896449384,0.025435560229805067,0.8285441316969206,0.9721466892040861,no_post_position,15,-1.820091810764146e-05,1.721575021413138e-05,-0.0004409495112810413,-0.00036745792606751593
13607,0.08731052772377995,0.025366556526983153,0.8289115896229882,0.9719997060336591,no_horse_mean_finish_last5,15,-0.00016376283926608504,-5.1787952607781906e-05,-7.349158521352539e-05,-0.0005144410964944557
13607,0.08728387813324637,0.02537553921130636,0.8295730138899096,0.9712647901815242,no_post_and_form,14,-0.000190412429799669,-4.280526828457504e-05,0.00058793268170787,-0.0012493569486293765
