{
  "n_races": 13607,
  "mean_winner_rank": 1.3782611890938488,
  "mrr": 0.8908196977646525,
  "ndcg@3": 0.9036481346134901,
  "ndcg@5": 0.9120902017665441
}